{
    "xgboost": {
        "RMSE": 0.785518909188317,
        "R2": 0.7390395452036257,
        "Dir_Accuracy": 0.5833333333333334
    },
    "catboost": {
        "RMSE": 0.7715341431913437,
        "R2": 0.7482487053798406,
        "Dir_Accuracy": 0.55
    },
    "lightgbm": {
        "RMSE": 0.7850879613257045,
        "R2": 0.7393258005697516,
        "Dir_Accuracy": 0.5
    },
    "random_forest": {
        "RMSE": 0.7963651233373104,
        "R2": 0.7317832619060692,
        "Dir_Accuracy": 0.5166666666666667
    }
}