{
    "xgboost": {
        "RMSE": 0.7886737451220783,
        "R2": 0.7369391739148248,
        "Dir_Accuracy": 0.5333333333333333
    },
    "catboost": {
        "RMSE": 0.7554259935189804,
        "R2": 0.758651134573989,
        "Dir_Accuracy": 0.6666666666666666
    },
    "lightgbm": {
        "RMSE": 0.7947373666671337,
        "R2": 0.7328786021685805,
        "Dir_Accuracy": 0.5
    },
    "random_forest": {
        "RMSE": 0.7949828180612734,
        "R2": 0.7327135779806075,
        "Dir_Accuracy": 0.55
    }
}